run_id,seed,method,n_features,accuracy,precision,recall,f1,roc_auc,training_time
0,42,baseline,46,0.9356415103038126,0.9367129629629629,0.9985687493830816,0.9666523338588696,0.7098574454906643,2.5790340900421143
0,42,variance_threshold,43,0.9356415103038126,0.9366725303212665,0.9986181028526305,0.9666539270017198,0.7038905108647053,2.337280035018921
0,42,chi2,10,0.9341201419943755,0.9341201419943755,1.0,0.9659380735585059,0.6522475791069806,0.03958392143249512
0,42,mutual_info,10,0.9359642247936932,0.9368143313428691,0.9988155167308261,0.9668219276245074,0.6322788510401769,0.09180188179016113
0,42,rfe,10,0.9340740399243926,0.9342772806936629,0.9997532326522555,0.9659069235170704,0.6389615145857981,0.03722786903381348
0,42,rfecv,29,0.9356876123737956,0.9366754617414248,0.9986674563221795,0.9666786098172698,0.707096845874675,0.17853689193725586
0,42,l1,43,0.9355954082338297,0.9366695986296931,0.9985687493830816,0.9666292430069513,0.7099151569305637,0.27828311920166016
0,42,rf_topk,10,0.9359181227237103,0.9367709683391965,0.9988155167308261,0.9667988343763436,0.6770369565272951,0.033883094787597656
0,42,rf_median,23,0.9359181227237103,0.9368518518518518,0.9987168097917284,0.9667956619368401,0.6943801076437507,0.11383509635925293
1,43,baseline,46,0.9351343875340002,0.9364381278644507,0.9983219820353371,0.9663903685832358,0.7026737699744267,3.208224058151245
1,43,variance_threshold,43,0.935364897883915,0.9364528371748588,0.9985687493830816,0.966513805292825,0.6981001988022683,2.919771909713745
1,43,chi2,10,0.9341201419943755,0.9341201419943755,1.0,0.9659380735585059,0.6501954383579309,0.043157100677490234
1,43,mutual_info,10,0.935364897883915,0.9365740740740741,0.9984206889744349,0.9665090057808992,0.6226276920003655,0.10339522361755371
1,43,rfe,10,0.9342123461343415,0.9343264308444403,0.9998519395913533,0.9659792585528668,0.6327520261343372,0.038437843322753906
1,43,rfecv,37,0.9351804896039833,0.9364410702712712,0.998371335504886,0.9664150582839671,0.7014893903164555,0.23090791702270508
1,43,l1,44,0.9351343875340002,0.9364381278644507,0.9983219820353371,0.9663903685832358,0.7027021594439643,0.30184125900268555
1,43,rf_topk,10,0.9351804896039833,0.9364814814814815,0.9983219820353371,0.9664134537289188,0.6692793094852119,0.03597426414489746
1,43,rf_median,23,0.9349960813240514,0.9364292990091675,0.9981739216266904,0.9663162924032489,0.6908583628642528,0.09153008460998535
2,44,baseline,46,0.9353187958139321,0.9362883449775597,0.9987168097917284,0.9664955223880597,0.7078489423264818,3.3407962322235107
2,44,variance_threshold,43,0.9352726937439491,0.9361239592969473,0.9988648702003751,0.9664772455947662,0.7026286991012557,2.879218816757202
2,44,chi2,10,0.9341201419943755,0.9341201419943755,1.0,0.9659380735585059,0.6507831210995995,0.04226088523864746
2,44,mutual_info,10,0.9352726937439491,0.9362046632124352,0.9987661632612773,0.9664740436506042,0.6308856084661127,0.11916899681091309
2,44,rfe,10,0.9341201419943755,0.9341601733597676,0.9999506465304511,0.9659364496674692,0.6337418066851191,0.04241681098937988
2,44,rfecv,36,0.9352265916739662,0.9361613544895221,0.9987661632612773,0.9664509658778863,0.7077381474137365,0.22452974319458008
2,44,l1,45,0.9353187958139321,0.9362883449775597,0.9987168097917284,0.9664955223880597,0.7078522233479003,0.3085458278656006
2,44,rf_topk,10,0.9351804896039833,0.9360373693460364,0.9988648702003751,0.9664310954063604,0.6823574608596594,0.03369402885437012
2,44,rf_median,23,0.9352726937439491,0.9361239592969473,0.9988648702003751,0.9664772455947662,0.696310211664563,0.12018299102783203
3,45,baseline,46,0.9354571020238809,0.9367416875057887,0.9983219820353371,0.9665519877675841,0.7151215853287642,3.2993719577789307
3,45,variance_threshold,43,0.9354571020238809,0.9366608019261042,0.9984206889744349,0.9665551839464883,0.7116816588623256,2.9036993980407715
3,45,chi2,10,0.9341201419943755,0.9341201419943755,1.0,0.9659380735585059,0.6608400734147538,0.04152512550354004
3,45,mutual_info,10,0.9355954082338297,0.9366291718742767,0.9986181028526305,0.9666308372148573,0.6296703699382733,0.10901999473571777
3,45,rfe,10,0.9342584482043244,0.9343695231067245,0.9998519395913533,0.9660022887659737,0.6385835236498442,0.042382001876831055
3,45,rfecv,31,0.9356876123737956,0.9367967773301847,0.9985193959135327,0.9666738335841755,0.6980211261860806,0.17247891426086426
3,45,l1,43,0.9354571020238809,0.9367416875057887,0.9983219820353371,0.9665519877675841,0.7151222760701155,0.2864689826965332
3,45,rf_topk,10,0.9355954082338297,0.9367504746029541,0.9984700424439839,0.966626054134117,0.6842202348672557,0.03410601615905762
3,45,rf_median,23,0.9355032040938638,0.9366637344321497,0.9984700424439839,0.96657987147942,0.7036470590754469,0.09163689613342285
4,46,baseline,46,0.9362408372135909,0.9369936577010324,0.998914223669924,0.9669636672001529,0.7170742075176283,2.774104118347168
4,46,variance_threshold,43,0.936194735143608,0.937031206593203,0.9988155167308261,0.9669374104156713,0.7123222869285695,2.4094648361206055
4,46,chi2,10,0.9341201419943755,0.9341201419943755,1.0,0.9659380735585059,0.6583305410114207,0.04075026512145996
4,46,mutual_info,10,0.9363791434235397,0.9370428664012591,0.9990129306090219,0.9670361169501243,0.6345263161748347,0.10953807830810547
4,46,rfe,10,0.9341662440643584,0.9342833425567239,0.9998519395913533,0.9659562294378486,0.6406355780562248,0.04050278663635254
4,46,rfecv,34,0.9362869392835739,0.937037037037037,0.998914223669924,0.9669867660408007,0.7166089068748727,0.21344470977783203
4,46,l1,44,0.9362408372135909,0.9369936577010324,0.998914223669924,0.9669636672001529,0.717071928071169,0.2992069721221924
4,46,rf_topk,10,0.9364252454935227,0.9371671991480298,0.998914223669924,0.9670560691846437,0.6857752317972557,0.03273320198059082
4,46,rf_median,23,0.9363330413535568,0.9370804203898329,0.998914223669924,0.9670098659850458,0.7039676321365755,0.11943864822387695
5,47,baseline,46,0.9355032040938638,0.9371089586133383,0.9979271542789458,0.9665622983340902,0.6949406787873815,3.4721460342407227
5,47,variance_threshold,43,0.9354571020238809,0.9368630720770799,0.9981739216266904,0.966547192353644,0.6920230909307802,3.006261110305786
5,47,chi2,10,0.9341201419943755,0.9341201419943755,1.0,0.9659380735585059,0.6437081337349857,0.04633688926696777
5,47,mutual_info,10,0.9354571020238809,0.9369035485963124,0.9981245681571415,0.966545593576754,0.6144872533699371,0.10402178764343262
5,47,rfe,10,0.9339818357844267,0.9341911086515403,0.9997532326522555,0.9658608687359939,0.6224245104318866,0.04365372657775879
5,47,rfecv,28,0.9355032040938638,0.9370279412446133,0.9980258612180436,0.9665654948258968,0.6767351370938537,0.17102622985839844
5,47,l1,43,0.9355032040938638,0.9371089586133383,0.9979271542789458,0.9665622983340902,0.6949560477824475,0.28273487091064453
5,47,rf_topk,10,0.9352265916739662,0.9368079684966412,0.9979765077484947,0.9664253112528974,0.6692842828229411,0.03221917152404785
5,47,rf_median,23,0.9352726937439491,0.936891854323047,0.9979271542789458,0.9664468024089475,0.6852829749732665,0.1171269416809082
6,48,baseline,46,0.9355954082338297,0.9367504746029541,0.9984700424439839,0.966626054134117,0.7081363598027491,2.948861837387085
6,48,variance_threshold,43,0.9356876123737956,0.9367967773301847,0.9985193959135327,0.9666738335841755,0.7022108351207993,2.89614200592041
6,48,chi2,10,0.9341201419943755,0.9341201419943755,1.0,0.9659380735585059,0.6566874227535313,0.04534602165222168
6,48,mutual_info,10,0.9357337144437785,0.9367592592592593,0.9986181028526305,0.9667001098848598,0.6272471456667826,0.09987092018127441
6,48,rfe,10,0.9342123461343415,0.9342062796809443,1.0,0.9659841243355343,0.644779231811347,0.04653739929199219
6,48,rfecv,34,0.935410999953898,0.9366578691484928,0.998371335504886,0.9665304952339998,0.7067248643884774,0.24372005462646484
6,48,l1,45,0.9355954082338297,0.9367504746029541,0.9984700424439839,0.966626054134117,0.7081332514666684,0.31094813346862793
6,48,rf_topk,10,0.9358259185837444,0.93688646045564,0.9985687493830816,0.9667447082994888,0.6794379216587407,0.03402280807495117
6,48,rf_median,23,0.9356876123737956,0.9367967773301847,0.9985193959135327,0.9666738335841755,0.6975401111775834,0.1135101318359375
7,49,baseline,46,0.9362408372135909,0.9373986376905611,0.9984206889744349,0.9669478765862868,0.6980689772931905,3.1783230304718018
7,49,variance_threshold,44,0.9362869392835739,0.9373610081541883,0.9985193959135327,0.9669741432872915,0.6940836759928491,3.0847721099853516
7,49,chi2,10,0.9341201419943755,0.9341201419943755,1.0,0.9659380735585059,0.6335887384016756,0.043061017990112305
7,49,mutual_info,10,0.9363791434235397,0.9374478732276897,0.9985193959135327,0.9670203613421279,0.6294404048738986,0.09971380233764648
7,49,rfe,10,0.9342584482043244,0.9342894033016693,0.9999506465304511,0.9660055306570039,0.6305557967394108,0.04225492477416992
7,49,rfecv,34,0.9363330413535568,0.9374449747463046,0.9984700424439839,0.9669956743063356,0.6963561459644231,0.19550108909606934
7,49,l1,43,0.9362408372135909,0.9373986376905611,0.9984206889744349,0.9669478765862868,0.6981018911185789,0.28560495376586914
7,49,rf_topk,10,0.9363791434235397,0.9374073387694588,0.9985687493830816,0.9670219375806529,0.6668156768446714,0.03240609169006348
7,49,rf_median,23,0.9362408372135909,0.9373581059166937,0.9984700424439839,0.9669494563269208,0.6839469430516221,0.11792206764221191
8,50,baseline,46,0.9355954082338297,0.936588752603564,0.9986674563221795,0.9666324312704516,0.7051651013431535,2.841594934463501
8,50,variance_threshold,43,0.9356415103038126,0.9365916874942146,0.9987168097917284,0.9666571128308016,0.7000348271789316,2.673401117324829
8,50,chi2,10,0.9341201419943755,0.9341201419943755,1.0,0.9659380735585059,0.6522762448730587,0.039444923400878906
8,50,mutual_info,10,0.9355493061638468,0.9365454040544293,0.9986674563221795,0.9666093436514761,0.6198838255936111,0.10121607780456543
8,50,rfe,10,0.9341662440643584,0.9342432906022319,0.9999012930609021,0.965957852579384,0.6441319380910631,0.04153895378112793
8,50,rfecv,35,0.9356415103038126,0.9365916874942146,0.9987168097917284,0.9666571128308016,0.7043580046112511,0.24167084693908691
8,50,l1,42,0.9356415103038126,0.9365916874942146,0.9987168097917284,0.9666571128308016,0.7051704200515583,0.27191805839538574
8,50,rf_topk,10,0.9354571020238809,0.9364991206146441,0.9986181028526305,0.9665615744721505,0.6697331956271375,0.0331118106842041
8,50,rf_median,23,0.9356415103038126,0.9365916874942146,0.9987168097917284,0.9666571128308016,0.6914007675103451,0.0950918197631836
9,51,baseline,46,0.9358259185837444,0.9369673953316043,0.9984700424439839,0.9667415300807569,0.7117830942297609,3.204094171524048
9,51,variance_threshold,43,0.9360103268636761,0.9369790701981848,0.9986674563221795,0.9668402694825362,0.7082288155326179,3.189681053161621
9,51,chi2,10,0.9341201419943755,0.9341201419943755,1.0,0.9659380735585059,0.6642286432617248,0.04017019271850586
9,51,mutual_info,10,0.9361486330736251,0.9370687659180366,0.9987168097917284,0.9669111498674057,0.6257464237384593,0.13402295112609863
9,51,rfe,10,0.9343967544142732,0.9343786027207748,1.0,0.9660762390635802,0.6451653216896445,0.04197239875793457
9,51,rfecv,30,0.936102531003642,0.9371468272348309,0.9985687493830816,0.9668833030679538,0.710617001949065,0.16974496841430664
9,51,l1,42,0.9358259185837444,0.9369673953316043,0.9984700424439839,0.9667415300807569,0.7117755306119644,0.27544498443603516
9,51,rf_topk,10,0.9359642247936932,0.9369356855118767,0.9986674563221795,0.966817171934351,0.683252299011708,0.033976078033447266
9,51,rf_median,23,0.9358259185837444,0.93688646045564,0.9985687493830816,0.9667447082994888,0.7022370142180128,0.09746694564819336
10,52,baseline,46,0.935364897883915,0.9364932419922236,0.9985193959135327,0.9665122056083696,0.7222634019191143,2.957679271697998
10,52,variance_threshold,43,0.935410999953898,0.9364153824795224,0.9986674563221795,0.9665400874113348,0.7160614425483823,2.6848561763763428
10,52,chi2,10,0.9341201419943755,0.9341201419943755,1.0,0.9659380735585059,0.6603636518362427,0.040014028549194336
10,52,mutual_info,10,0.9351804896039833,0.9363602702952883,0.9984700424439839,0.9664182669341741,0.6365514662055829,0.09559798240661621
10,52,rfe,10,0.9341662440643584,0.9342833425567239,0.9998519395913533,0.9659562294378486,0.6540726559053308,0.0378260612487793
10,52,rfecv,28,0.9355032040938638,0.9365828820071287,0.9985687493830816,0.9665830646124448,0.7078105198388169,0.13228797912597656
10,52,l1,45,0.935364897883915,0.9364932419922236,0.9985193959135327,0.9665122056083696,0.7222650596983574,0.31125593185424805
10,52,rf_topk,10,0.9352726937439491,0.9364065537350736,0.9985193959135327,0.9664660361134996,0.6878429142267093,0.03280210494995117
10,52,rf_median,23,0.9355032040938638,0.9365424670215228,0.9986181028526305,0.9665846609501517,0.7113426430071176,0.10039877891540527
11,53,baseline,46,0.9359642247936932,0.9369356855118767,0.9986674563221795,0.966817171934351,0.7070099678812178,3.5679378509521484
11,53,variance_threshold,44,0.9360103268636761,0.9369386054264284,0.9987168097917284,0.9668418537983755,0.7042563965584779,3.268448829650879
11,53,chi2,10,0.9341201419943755,0.9341201419943755,1.0,0.9659380735585059,0.656385430634752,0.03898191452026367
11,53,mutual_info,10,0.9358259185837444,0.9367246806147009,0.9987661632612773,0.9667510629150146,0.6040609961913214,0.10335087776184082
11,53,rfe,10,0.9342584482043244,0.9343294595093157,0.9999012930609021,0.966003909788776,0.6406874700002398,0.04687213897705078
11,53,rfecv,39,0.9359181227237103,0.9368518518518518,0.9987168097917284,0.9667956619368401,0.7056022024702431,0.24561214447021484
11,53,l1,44,0.9359642247936932,0.9369356855118767,0.9986674563221795,0.966817171934351,0.7069999866686919,0.29848217964172363
11,53,rf_topk,10,0.9360564289336591,0.9369415250706051,0.9987661632612773,0.9668665344831705,0.6788713756024214,0.033730268478393555
11,53,rf_median,23,0.9358720206537273,0.936768041475721,0.9987661632612773,0.9667741550220948,0.6982364648023419,0.09635400772094727
12,54,baseline,46,0.9351804896039833,0.9364814814814815,0.9983219820353371,0.9664134537289188,0.7094805770094063,3.1575310230255127
12,54,variance_threshold,43,0.9353187958139321,0.9364094969222937,0.9985687493830816,0.9664907210585397,0.7043467109901577,2.903566837310791
12,54,chi2,10,0.9341201419943755,0.9341201419943755,1.0,0.9659380735585059,0.6589764877860697,0.04163932800292969
12,54,mutual_info,10,0.9355032040938638,0.9364212669473879,0.9987661632612773,0.9665894490483128,0.618013660653556,0.10357403755187988
12,54,rfe,10,0.9342584482043244,0.9342894033016693,0.9999506465304511,0.9660055306570039,0.6349450953875816,0.04184985160827637
12,54,rfecv,28,0.935410999953898,0.9365770103235961,0.9984700424439839,0.9665336932374651,0.7074294723723836,0.1773390769958496
12,54,l1,42,0.9351343875340002,0.9364381278644507,0.9983219820353371,0.9663903685832358,0.7094660714410295,0.2704439163208008
12,54,rf_topk,10,0.9355954082338297,0.9364675396788672,0.9988155167308261,0.9666372125235833,0.6740387764235333,0.033117055892944336
12,54,rf_median,23,0.935364897883915,0.9363720499768625,0.9986674563221795,0.9665170042032862,0.6965358077898909,0.09177112579345703
13,55,baseline,46,0.9356876123737956,0.9367967773301847,0.9985193959135327,0.9666738335841755,0.6977923008449356,2.860598087310791
13,55,variance_threshold,43,0.9357337144437785,0.9368806149856441,0.9984700424439839,0.9666953363914373,0.6919022457313739,2.556917190551758
13,55,chi2,10,0.9341201419943755,0.9341201419943755,1.0,0.9659380735585059,0.6471360931075134,0.04068875312805176
13,55,mutual_info,10,0.9360103268636761,0.9369790701981848,0.9986674563221795,0.9668402694825362,0.6210182128462833,0.09458780288696289
13,55,rfe,10,0.9342123461343415,0.9342863730689417,0.9999012930609021,0.9659808806350871,0.6291259621422626,0.04157614707946777
13,55,rfecv,29,0.9357798165137615,0.9368430800574153,0.9985687493830816,0.966721613034234,0.6972681145019834,0.1750330924987793
13,55,l1,44,0.9356876123737956,0.9367967773301847,0.9985193959135327,0.9666738335841755,0.6977904013062195,0.29886913299560547
13,55,rf_topk,10,0.9358259185837444,0.936926924145596,0.9985193959135327,0.966743119266055,0.6763128005631476,0.03318977355957031
13,55,rf_median,23,0.9357337144437785,0.9367592592592593,0.9986181028526305,0.9667001098848598,0.6946985394066905,0.09733128547668457
14,56,baseline,46,0.936102531003642,0.9370658516254515,0.9986674563221795,0.9668864678899083,0.6950371753541552,3.2685890197753906
14,56,variance_threshold,43,0.9359181227237103,0.936892304843041,0.9986674563221795,0.9667940754897276,0.6930448355375927,3.1774020195007324
14,56,chi2,10,0.9341201419943755,0.9341201419943755,1.0,0.9659380735585059,0.6422874169236743,0.04207015037536621
14,56,mutual_info,10,0.9359642247936932,0.9369356855118767,0.9986674563221795,0.966817171934351,0.611552707813162,0.10405397415161133
14,56,rfe,10,0.9341201419943755,0.9342803117649772,0.9998025861218044,0.9659315770652044,0.6363344698100786,0.03929758071899414
14,56,rfecv,33,0.9361486330736251,0.9369878235103477,0.9988155167308261,0.9669143116504623,0.6923745055932435,0.1769568920135498
14,56,l1,44,0.936102531003642,0.9370658516254515,0.9986674563221795,0.9668864678899083,0.6949660635320409,0.29796600341796875
14,56,rf_topk,10,0.9359642247936932,0.9369356855118767,0.9986674563221795,0.966817171934351,0.6664781633519026,0.03495597839355469
14,56,rf_median,23,0.9358720206537273,0.9370107915335093,0.9984700424439839,0.9667646285809859,0.6834254333314063,0.09153175354003906
15,57,baseline,46,0.9352265916739662,0.9366056957629081,0.9982232750962393,0.9664333325369712,0.6913240606832854,3.1049389839172363
15,57,variance_threshold,43,0.9352265916739662,0.9366056957629081,0.9982232750962393,0.9664333325369712,0.6842555662873737,3.0398471355438232
15,57,chi2,10,0.9341201419943755,0.9341201419943755,1.0,0.9659380735585059,0.6393261914822059,0.03972625732421875
15,57,mutual_info,10,0.9351343875340002,0.9365593887473952,0.9981739216266904,0.9663855508039276,0.6226181770382517,0.11127495765686035
15,57,rfe,10,0.9342584482043244,0.9343294595093157,0.9999012930609021,0.966003909788776,0.6291515541093273,0.038788795471191406
15,57,rfecv,32,0.9353187958139321,0.936652002778421,0.9982726285657881,0.9664811142700146,0.6911291852795558,0.20496106147766113
15,57,l1,42,0.9351804896039833,0.9365623263567328,0.9982232750962393,0.9664102441588227,0.6914467363472727,0.28253889083862305
15,57,rf_topk,10,0.935364897883915,0.9367358280844758,0.9982232750962393,0.9665026042911072,0.6608074704229734,0.03315901756286621
15,57,rf_median,23,0.9352265916739662,0.936646135321632,0.9981739216266904,0.9664317285867877,0.6793945776389481,0.1141061782836914
16,58,baseline,46,0.9356876123737956,0.9365946221132041,0.9987661632612773,0.9666817932121617,0.7093102747292483,3.049329996109009
16,58,variance_threshold,43,0.9357337144437785,0.9366379709339998,0.9987661632612773,0.966704882010127,0.7054223334223699,2.813544273376465
16,58,chi2,10,0.9341201419943755,0.9341201419943755,1.0,0.9659380735585059,0.6271076331823581,0.04032611846923828
16,58,mutual_info,10,0.9358720206537273,0.9366467675505576,0.998914223669924,0.9667789161949798,0.6280011416573054,0.10559487342834473
16,58,rfe,10,0.9341201419943755,0.9341601733597676,0.9999506465304511,0.9659364496674692,0.626142563903418,0.04316592216491699
16,58,rfecv,42,0.9357337144437785,0.9365975564605702,0.9988155167308261,0.9667064724146167,0.7098388472797811,0.2801682949066162
16,58,l1,44,0.9356876123737956,0.9365946221132041,0.9987661632612773,0.9666817932121617,0.7093726486732689,0.2987370491027832
16,58,rf_topk,10,0.9358720206537273,0.9366467675505576,0.998914223669924,0.9667789161949798,0.6818776373799932,0.034594058990478516
16,58,rf_median,23,0.9355954082338297,0.9365079365079365,0.9987661632612773,0.9666356189247928,0.6994360235015075,0.11588287353515625
17,59,baseline,46,0.9349960813240514,0.9365505742867729,0.9980258612180436,0.9663114636593874,0.6962063241653307,2.7587761878967285
17,59,variance_threshold,43,0.9351343875340002,0.9364785406731793,0.9982726285657881,0.966388762810253,0.6941935384047702,2.5102591514587402
17,59,chi2,10,0.9342123461343415,0.9342062796809443,1.0,0.9659841243355343,0.6439855699987269,0.04021883010864258
17,59,mutual_info,10,0.9349960813240514,0.9362677034157179,0.998371335504886,0.966322728575523,0.603558447321198,0.11321711540222168
17,59,rfe,10,0.9341201419943755,0.9342002121086365,0.9999012930609021,0.9659348256215882,0.631685504219428,0.04291415214538574
17,59,rfecv,41,0.9348116730441197,0.9363771068716429,0.9980258612180436,0.9662191217927278,0.6949866130872416,0.25687289237976074
17,59,l1,44,0.9349960813240514,0.9365505742867729,0.9980258612180436,0.9663114636593874,0.6961871906299002,0.2925240993499756
17,59,rf_topk,10,0.9350882854640173,0.9364351851851852,0.9982726285657881,0.9663656777029287,0.6665536613815973,0.03289604187011719
17,59,rf_median,23,0.9349038771840855,0.9364234117429153,0.9980752146875925,0.9662669023842515,0.6829849130346278,0.1178438663482666
18,60,baseline,46,0.9362869392835739,0.9371179848120023,0.9988155167308261,0.9669836112571074,0.7045178421599372,2.9464282989501953
18,60,variance_threshold,43,0.9361486330736251,0.9370687659180366,0.9987168097917284,0.9669111498674057,0.6985383705784524,2.746551036834717
18,60,chi2,10,0.9341201419943755,0.9341201419943755,1.0,0.9659380735585059,0.6404682459638774,0.04152107238769531
18,60,mutual_info,10,0.9360564289336591,0.9369415250706051,0.9987661632612773,0.9668665344831705,0.6204118282825289,0.09182500839233398
18,60,rfe,10,0.9341201419943755,0.9342002121086365,0.9999012930609021,0.9659348256215882,0.627809167367251,0.046256065368652344
18,60,rfecv,31,0.9363791434235397,0.9372047791053071,0.9988155167308261,0.9670298165137615,0.7035046800144145,0.15122509002685547
18,60,l1,43,0.9362869392835739,0.9371179848120023,0.9988155167308261,0.9669836112571074,0.7045029221467495,0.2811269760131836
18,60,rf_topk,10,0.9361486330736251,0.9369878235103477,0.9988155167308261,0.9669143116504623,0.6749479474586211,0.031996965408325195
18,60,rf_median,23,0.9362408372135909,0.9370341219500903,0.9988648702003751,0.966962088817754,0.6926748744698474,0.11780810356140137
19,61,baseline,46,0.9356876123737956,0.937080109345318,0.9981739216266904,0.9666626837137053,0.7015885807744993,3.203594207763672
19,61,variance_threshold,43,0.9356876123737956,0.936918160344588,0.998371335504886,0.9666690559816501,0.6969599920537115,2.9383981227874756
19,61,chi2,10,0.9341201419943755,0.9341201419943755,1.0,0.9659380735585059,0.6500171925522333,0.04064798355102539
19,61,mutual_info,10,0.9355032040938638,0.9367041718757235,0.9984206889744349,0.9665782746840584,0.6264475607470754,0.10969018936157227
19,61,rfe,10,0.9340740399243926,0.9341571375876061,0.9999012930609021,0.965911799761621,0.6232188457173241,0.04500603675842285
19,61,rfecv,33,0.9358259185837444,0.937007874015748,0.9984206889744349,0.9667399407435726,0.7010463315452112,0.20704197883605957
19,61,l1,44,0.9356876123737956,0.937080109345318,0.9981739216266904,0.9666626837137053,0.7015563231533946,0.2894859313964844
19,61,rf_topk,10,0.9357337144437785,0.9368806149856441,0.9984700424439839,0.9666953363914373,0.6738633108517745,0.03324484825134277
19,61,rf_median,23,0.9356415103038126,0.9369962012415455,0.9982232750962393,0.9666411775951061,0.6915155687229277,0.09815502166748047
20,62,baseline,46,0.9351343875340002,0.9363977225385363,0.998371335504886,0.9663919742027947,0.7067023462204257,2.6931862831115723
20,62,variance_threshold,43,0.9352265916739662,0.9363228284511084,0.9985687493830816,0.9664445558978768,0.702054658501275,2.411431074142456
20,62,chi2,10,0.9341201419943755,0.9341201419943755,1.0,0.9659380735585059,0.6561048860349298,0.048999786376953125
20,62,mutual_info,10,0.9352726937439491,0.9364065537350736,0.9985193959135327,0.9664660361134996,0.654290135819781,0.08926939964294434
20,62,rfe,10,0.9342123461343415,0.9342863730689417,0.9999012930609021,0.9659808806350871,0.6369063345748028,0.04438018798828125
20,62,rfecv,27,0.9350421833940344,0.9363110391113169,0.998371335504886,0.9663458093486517,0.6900518014568978,0.1572871208190918
20,62,l1,43,0.9350882854640173,0.9363543788187373,0.998371335504886,0.9663688912243825,0.706757052935447,0.2780442237854004
20,62,rf_topk,10,0.9351343875340002,0.9363169343268385,0.9984700424439839,0.9663951849817287,0.6829343853047817,0.03386807441711426
20,62,rf_median,23,0.9352265916739662,0.9364036102753992,0.9984700424439839,0.9664413499892517,0.6966972685807524,0.11467313766479492
21,63,baseline,46,0.9353187958139321,0.9364094969222937,0.9985687493830816,0.9664907210585397,0.6994939421638122,3.08555006980896
21,63,variance_threshold,43,0.9352726937439491,0.9363257751041185,0.9986181028526305,0.9664692395873137,0.6937425879135874,2.987799882888794
21,63,chi2,10,0.9341201419943755,0.9341201419943755,1.0,0.9659380735585059,0.6515754014295169,0.05030703544616699
21,63,mutual_info,10,0.9355493061638468,0.9365049981488338,0.9987168097917284,0.9666109386195366,0.6173877108410266,0.09956979751586914
21,63,rfe,10,0.9341201419943755,0.9341601733597676,0.9999506465304511,0.9659364496674692,0.6335484163752948,0.04900407791137695
21,63,rfecv,29,0.9355493061638468,0.9365049981488338,0.9987168097917284,0.9666109386195366,0.6839251156249218,0.16825509071350098
21,63,l1,44,0.9353187958139321,0.9364094969222937,0.9985687493830816,0.9664907210585397,0.699526510618525,0.2977790832519531
21,63,rf_topk,10,0.9354571020238809,0.9364587189929656,0.9986674563221795,0.9665631717219967,0.6692150014654077,0.03304791450500488
21,63,rf_median,23,0.9352265916739662,0.9363632156245661,0.9985193959135327,0.9664429530201343,0.687795408490275,0.1159517765045166
22,64,baseline,46,0.9359642247936932,0.9367738949317288,0.9988648702003751,0.9668235125516517,0.7072463395716257,3.569983959197998
22,64,variance_threshold,43,0.936102531003642,0.9367422489588154,0.9990622840785707,0.9668991211310661,0.7032640429961624,3.4890689849853516
22,64,chi2,10,0.9341201419943755,0.9341201419943755,1.0,0.9659380735585059,0.6470753942112697,0.04276609420776367
22,64,mutual_info,10,0.9359642247936932,0.9366930445647647,0.9989635771394729,0.9668266819517088,0.6088462795876468,0.11304092407226562
22,64,rfe,10,0.9342123461343415,0.9342062796809443,1.0,0.9659841243355343,0.6447480966449379,0.04666614532470703
22,64,rfecv,37,0.9359642247936932,0.9367738949317288,0.9988648702003751,0.9668235125516517,0.7062227817687662,0.23187780380249023
22,64,l1,44,0.9359642247936932,0.9367738949317288,0.9988648702003751,0.9668235125516517,0.707257322359111,0.2943689823150635
22,64,rf_topk,10,0.9358259185837444,0.9366438356164384,0.9988648702003751,0.9667542393121566,0.677024764942445,0.03505110740661621
22,64,rf_median,23,0.9358720206537273,0.9366871847086592,0.9988648702003751,0.9667773292889728,0.6948292622074201,0.11729884147644043
23,65,baseline,46,0.9360103268636761,0.9370195424654997,0.9986181028526305,0.9668386850152905,0.7121178274885909,3.14003586769104
23,65,variance_threshold,43,0.936194735143608,0.937031206593203,0.9988155167308261,0.9669374104156713,0.7113419177286987,2.8875298500061035
23,65,chi2,10,0.9343045502743074,0.9342924332549454,1.0,0.9660301795036831,0.6544530644360141,0.04237103462219238
23,65,mutual_info,10,0.936102531003642,0.9369039903712619,0.9988648702003751,0.9668927957194726,0.6276906361513716,0.09155631065368652
23,65,rfe,10,0.9343045502743074,0.9343324878948582,0.9999506465304511,0.9660285598493337,0.6427211334181426,0.04026293754577637
23,65,rfecv,40,0.9359181227237103,0.93701370878103,0.9985193959135327,0.9667893152386868,0.7105725872801776,0.3022737503051758
23,65,l1,43,0.9360103268636761,0.9370195424654997,0.9986181028526305,0.9668386850152905,0.7120208474028712,0.2938699722290039
23,65,rf_topk,10,0.9360564289336591,0.9369010693949354,0.9988155167308261,0.9668681174306667,0.685800236634172,0.032729148864746094
23,65,rf_median,23,0.9361486330736251,0.9370687659180366,0.9987168097917284,0.9669111498674057,0.7026192359447432,0.09611296653747559
24,66,baseline,46,0.9352726937439491,0.936649069185885,0.9982232750962393,0.9664564220183486,0.7068163876175219,3.0513999462127686
24,66,variance_threshold,43,0.9350882854640173,0.9365160214854603,0.9981739216266904,0.9663624635672989,0.7010618904941488,2.6088078022003174
24,66,chi2,10,0.9341201419943755,0.9341201419943755,1.0,0.9659380735585059,0.6527918832917887,0.04099917411804199
24,66,mutual_info,10,0.9352265916739662,0.9364440124056844,0.9984206889744349,0.9664397468052072,0.6297350233287531,0.09186887741088867
24,66,rfe,10,0.9341201419943755,0.9342803117649772,0.9998025861218044,0.9659315770652044,0.6369295952898071,0.03933882713317871
24,66,rfecv,28,0.9352726937439491,0.93668951463505,0.9981739216266904,0.9664548191331772,0.6911141271180978,0.1558830738067627
24,66,l1,42,0.9352726937439491,0.936649069185885,0.9982232750962393,0.9664564220183486,0.706829684388534,0.27254199981689453
24,66,rf_topk,10,0.9351804896039833,0.9365219001759422,0.9982726285657881,0.9664118490205447,0.6728550875069135,0.0330049991607666
24,66,rf_median,23,0.9351343875340002,0.9365998240170426,0.9981245681571415,0.9663839445705411,0.6913285159650013,0.11885428428649902
25,67,baseline,46,0.9355493061638468,0.9366262383112675,0.9985687493830816,0.9666061532581693,0.700047536819795,2.825927972793579
25,67,variance_threshold,43,0.9356415103038126,0.93663210516571,0.9986674563221795,0.9666555199923565,0.6975213230128287,2.5460071563720703
25,67,chi2,10,0.9341201419943755,0.9341201419943755,1.0,0.9659380735585059,0.6449169483682582,0.04190707206726074
25,67,mutual_info,10,0.9355032040938638,0.9363808818766484,0.9988155167308261,0.9665910447761195,0.6170486604487512,0.09342002868652344
25,67,rfe,10,0.9340740399243926,0.9341971779027944,0.9998519395913533,0.9659101745017641,0.6418106499744874,0.045903921127319336
25,67,rfecv,44,0.9356415103038126,0.9366725303212665,0.9986181028526305,0.9666539270017198,0.7000092352118665,0.3194699287414551
25,67,l1,44,0.9355032040938638,0.9365828820071287,0.9985687493830816,0.9665830646124448,0.7000496090438488,0.2960948944091797
25,67,rf_topk,10,0.9355493061638468,0.9365454040544293,0.9986674563221795,0.9666093436514761,0.6656723790285677,0.03508305549621582
25,67,rf_median,23,0.9354571020238809,0.9365395297167192,0.9985687493830816,0.9665599770696985,0.6849995983339042,0.0971059799194336
26,68,baseline,46,0.9355032040938638,0.9368659965723285,0.9982232750962393,0.9665718859764403,0.7215951096617516,2.769761085510254
26,68,variance_threshold,43,0.9355032040938638,0.9367850692354004,0.9983219820353371,0.9665750806355274,0.7152966191871785,2.6190836429595947
26,68,chi2,10,0.9341201419943755,0.9341201419943755,1.0,0.9659380735585059,0.6659226691572037,0.040719032287597656
26,68,mutual_info,10,0.9356876123737956,0.9368776918445793,0.9984206889744349,0.9666706486680205,0.6367937264660104,0.09831404685974121
26,68,rfe,10,0.9341662440643584,0.9342032460346735,0.9999506465304511,0.9659594755661501,0.6438925444072434,0.047202110290527344
26,68,rfecv,25,0.9356876123737956,0.9370396108408617,0.9982232750962393,0.9666642770091046,0.700597073370339,0.14362502098083496
26,68,l1,42,0.9355032040938638,0.9368659965723285,0.9982232750962393,0.9665718859764403,0.7215445473948379,0.31671714782714844
26,68,rf_topk,10,0.9355954082338297,0.9368313805399898,0.998371335504886,0.9666228646517739,0.6815855228625372,0.03348875045776367
26,68,rf_median,23,0.9355032040938638,0.9368659965723285,0.9982232750962393,0.9665718859764403,0.7054888172774305,0.1163482666015625
27,69,baseline,46,0.9355493061638468,0.9370308590492077,0.9980752146875925,0.9665901921422426,0.7137978140661049,3.0244009494781494
27,69,variance_threshold,43,0.9354571020238809,0.9369035485963124,0.9981245681571415,0.966545593576754,0.7110417906115678,2.959623098373413
27,69,chi2,10,0.9341201419943755,0.9341201419943755,1.0,0.9659380735585059,0.6608038440308791,0.04203391075134277
27,69,mutual_info,10,0.9355954082338297,0.9369123164574552,0.9982726285657881,0.9666196745597476,0.6142655253961765,0.09636378288269043
27,69,rfe,10,0.9341201419943755,0.9341601733597676,0.9999506465304511,0.9659364496674692,0.6475931911967225,0.04366898536682129
27,69,rfecv,27,0.9338896316444608,0.9341850382806014,0.9996545257131576,0.9658115582681671,0.6957564615917762,0.13473296165466309
27,69,l1,44,0.9355493061638468,0.9370308590492077,0.9980752146875925,0.9665901921422426,0.7137977449919698,0.29646897315979004
27,69,rf_topk,10,0.9356876123737956,0.9370396108408617,0.9982232750962393,0.9666642770091046,0.6795851186406985,0.03532004356384277
27,69,rf_median,23,0.9357337144437785,0.9371235288666482,0.9981739216266904,0.9666857852977727,0.7022256515227843,0.09103012084960938
28,70,baseline,46,0.9358259185837444,0.9370888538867784,0.9983219820353371,0.9667367616134582,0.706674992862915,3.329374074935913
28,70,variance_threshold,43,0.9358720206537273,0.9370512761128352,0.9984206889744349,0.96676304030967,0.7040282792272179,2.995604991912842
28,70,chi2,10,0.9341201419943755,0.9341201419943755,1.0,0.9659380735585059,0.6479301348278766,0.05428194999694824
28,70,mutual_info,10,0.936194735143608,0.9372336483231425,0.9985687493830816,0.9669295101553166,0.627277935462516,0.12157583236694336
28,70,rfe,10,0.9341201419943755,0.9342402582430251,0.9998519395913533,0.9659332014208406,0.6377874442424948,0.03906679153442383
28,70,rfecv,35,0.9358259185837444,0.9370483602001112,0.998371335504886,0.9667383512544803,0.7062257864936443,0.21985507011413574
28,70,l1,42,0.9358259185837444,0.9370888538867784,0.9983219820353371,0.9667367616134582,0.7067790185104177,0.28371310234069824
28,70,rf_topk,10,0.9359181227237103,0.93701370878103,0.9985193959135327,0.9667893152386868,0.6698765762631294,0.0367131233215332
28,70,rf_median,23,0.9360103268636761,0.9371005094951367,0.9985193959135327,0.9668355156264934,0.6912494606173474,0.11420011520385742
29,71,baseline,46,0.9360103268636761,0.9371815065320115,0.9984206889744349,0.9668323456318103,0.7012535712191288,3.368011236190796
29,71,variance_threshold,43,0.9358720206537273,0.9370107915335093,0.9984700424439839,0.9667646285809859,0.6958300773512887,3.1676506996154785
29,71,chi2,10,0.9341201419943755,0.9341201419943755,1.0,0.9659380735585059,0.6409612626033531,0.0378880500793457
29,71,mutual_info,10,0.9359181227237103,0.937094682230869,0.9984206889744349,0.9667861409796894,0.6349668192030793,0.11508512496948242
29,71,rfe,10,0.9343045502743074,0.9343725499239035,0.9999012930609021,0.9660269400405292,0.6277452047181227,0.039762258529663086
29,71,rfecv,32,0.9359642247936932,0.9370975959979619,0.9984700424439839,0.9668108288929774,0.7002133492811697,0.1889481544494629
29,71,l1,45,0.9360103268636761,0.9371815065320115,0.9984206889744349,0.9668323456318103,0.7012554707578449,0.31939101219177246
29,71,rf_topk,10,0.9359642247936932,0.937178596247394,0.998371335504886,0.9668076564628288,0.6779592343795233,0.03462386131286621
29,71,rf_median,23,0.9359181227237103,0.937094682230869,0.9984206889744349,0.9667861409796894,0.691250358581104,0.10278606414794922
30,72,baseline,46,0.9353187958139321,0.9365307161705476,0.9984206889744349,0.966485918352722,0.7025043311209578,3.2886340618133545
30,72,variance_threshold,43,0.9355032040938638,0.9365828820071287,0.9985687493830816,0.9665830646124448,0.6999741455512216,3.0326030254364014
30,72,chi2,10,0.9341201419943755,0.9341201419943755,1.0,0.9659380735585059,0.6507878526778557,0.050126075744628906
30,72,mutual_info,10,0.935410999953898,0.9364557782200212,0.9986181028526305,0.9665384890969453,0.6232850878129119,0.11680197715759277
30,72,rfe,10,0.9342584482043244,0.9342894033016693,0.9999506465304511,0.9660055306570039,0.6270713001872807,0.050878047943115234
30,72,rfecv,39,0.935410999953898,0.9364961814394817,0.9985687493830816,0.9665368906298517,0.7007796881150836,0.26097893714904785
30,72,l1,42,0.9353187958139321,0.9365307161705476,0.9984206889744349,0.966485918352722,0.7025652890452083,0.31099796295166016
30,72,rf_topk,10,0.935364897883915,0.9364528371748588,0.9985687493830816,0.966513805292825,0.6729697160341583,0.034748077392578125
30,72,rf_median,23,0.9353187958139321,0.9364094969222937,0.9985687493830816,0.9664907210585397,0.6906464088806129,0.12078118324279785
31,73,baseline,46,0.9356876123737956,0.9370396108408617,0.9982232750962393,0.9666642770091046,0.7048528517153076,3.4799749851226807
31,73,variance_threshold,44,0.9355493061638468,0.9368284549833271,0.9983219820353371,0.9665981746069671,0.6995253018211604,3.511103868484497
31,73,chi2,10,0.9341201419943755,0.9341201419943755,1.0,0.9659380735585059,0.6512657938873397,0.04334282875061035
31,73,mutual_info,10,0.9355954082338297,0.9367909238249594,0.9984206889744349,0.966624459469145,0.6391580823058383,0.1060187816619873
31,73,rfe,10,0.9342123461343415,0.9342863730689417,0.9999012930609021,0.9659808806350871,0.6404046459539583,0.03960704803466797
31,73,rfecv,30,0.9357798165137615,0.9369644759390486,0.9984206889744349,0.9667168422813179,0.7033471219121876,0.20998024940490723
31,73,l1,42,0.9356876123737956,0.9370396108408617,0.9982232750962393,0.9666642770091046,0.7048383806839984,0.3343629837036133
31,73,rf_topk,10,0.9356415103038126,0.9368343058256923,0.9984206889744349,0.9666475535168195,0.6738906814778189,0.034017086029052734
31,73,rf_median,23,0.9355032040938638,0.9367850692354004,0.9983219820353371,0.9665750806355274,0.6892537016310959,0.09652519226074219
32,74,baseline,46,0.9356415103038126,0.9368343058256923,0.9984206889744349,0.9666475535168195,0.7052338301076058,3.267559289932251
32,74,variance_threshold,43,0.9355954082338297,0.9367504746029541,0.9984700424439839,0.966626054134117,0.7015588098222592,3.025109052658081
32,74,chi2,10,0.9341201419943755,0.9341201419943755,1.0,0.9659380735585059,0.6540760923435535,0.03998088836669922
32,74,mutual_info,10,0.9356876123737956,0.9367563313116348,0.9985687493830816,0.9666754258140035,0.6172770713450855,0.09687304496765137
32,74,rfe,10,0.9339357337144438,0.9342281260089479,0.9996545257131576,0.9658345850320673,0.6329717336896453,0.0386967658996582
32,74,rfecv,29,0.9355032040938638,0.9367041718757235,0.9984206889744349,0.9665782746840584,0.7042383509406758,0.17960119247436523
32,74,l1,43,0.9356415103038126,0.9368343058256923,0.9984206889744349,0.9666475535168195,0.7052311362163357,0.28129005432128906
32,74,rf_topk,10,0.9357798165137615,0.9368835378559852,0.9985193959135327,0.9667200229352318,0.6799175551845353,0.03383588790893555
32,74,rf_median,23,0.9357337144437785,0.9368806149856441,0.9984700424439839,0.9666953363914373,0.6967318056483164,0.09430408477783203
33,75,baseline,46,0.9358720206537273,0.9370917681938203,0.998371335504886,0.9667614518865445,0.7105156529242984,3.172999858856201
33,75,variance_threshold,43,0.9360103268636761,0.9370600222304557,0.9985687493830816,0.9668371003966169,0.7054742426349186,2.9624760150909424
33,75,chi2,10,0.9341201419943755,0.9341201419943755,1.0,0.9659380735585059,0.6571585083551037,0.041281938552856445
33,75,mutual_info,10,0.9359642247936932,0.93705710712797,0.9985193959135327,0.9668124148806537,0.6357783712166974,0.09119415283203125
33,75,rfe,10,0.9343967544142732,0.9343786027207748,1.0,0.9660762390635802,0.6533588783299864,0.03850197792053223
33,75,rfecv,31,0.9358259185837444,0.9370483602001112,0.998371335504886,0.9667383512544803,0.70849922350311,0.17694592475891113
33,75,l1,42,0.9358720206537273,0.9370917681938203,0.998371335504886,0.9667614518865445,0.710521627836987,0.27262401580810547
33,75,rf_topk,10,0.9358259185837444,0.937007874015748,0.9984206889744349,0.9667399407435726,0.6727558452432685,0.03300881385803223
33,75,rf_median,23,0.9358720206537273,0.9370107915335093,0.9984700424439839,0.9667646285809859,0.6945614272484615,0.09610438346862793
34,76,baseline,46,0.9354571020238809,0.9365395297167192,0.9985687493830816,0.9665599770696985,0.7090142920602253,2.986346960067749
34,76,variance_threshold,43,0.9355493061638468,0.9365858174412146,0.9986181028526305,0.9666077485310276,0.7038528654610605,2.677511215209961
34,76,chi2,10,0.9341201419943755,0.9341201419943755,1.0,0.9659380735585059,0.647985704969587,0.04295492172241211
34,76,mutual_info,10,0.9354571020238809,0.9365799463012684,0.9985193959135327,0.9665583795146188,0.6289931325804115,0.10336995124816895
34,76,rfe,10,0.9341662440643584,0.9342833425567239,0.9998519395913533,0.9659562294378486,0.6393022400258503,0.04205799102783203
34,76,rfecv,36,0.935410999953898,0.9364557782200212,0.9986181028526305,0.9665384890969453,0.7081599140828277,0.2377321720123291
34,76,l1,43,0.9354571020238809,0.9365395297167192,0.9985687493830816,0.9665599770696985,0.7090327003172368,0.28274106979370117
34,76,rf_topk,10,0.935410999953898,0.9366174359924071,0.9984206889744349,0.9665320943121283,0.6751241210402648,0.03422904014587402
34,76,rf_median,23,0.9354571020238809,0.9366203703703704,0.9984700424439839,0.9665567818068893,0.6965433714076874,0.09738707542419434
35,77,baseline,46,0.9353187958139321,0.9366924466262214,0.9982232750962393,0.9664795126030343,0.7061705099170081,2.1063737869262695
35,77,variance_threshold,43,0.9354571020238809,0.9367012409705501,0.998371335504886,0.9665535859333939,0.7012765038319912,1.9399280548095703
35,77,chi2,10,0.9340740399243926,0.9341571375876061,0.9999012930609021,0.965911799761621,0.6531146667252415,0.039582252502441406
35,77,mutual_info,10,0.9356415103038126,0.93663210516571,0.9986674563221795,0.9666555199923565,0.6238737721295398,0.09531784057617188
35,77,rfe,10,0.9341201419943755,0.93436044097975,0.9997038791827065,0.9659283278891777,0.6433443720708681,0.03888201713562012
35,77,rfecv,42,0.9352265916739662,0.9366865823722847,0.9981245681571415,0.9664301244833107,0.705412352209844,0.278486967086792
35,77,l1,43,0.9353187958139321,0.9366924466262214,0.9982232750962393,0.9664795126030343,0.7061828741871959,0.2939941883087158
35,77,rf_topk,10,0.9355493061638468,0.9366262383112675,0.9985687493830816,0.9666061532581693,0.6731828442780955,0.03337717056274414
35,77,rf_median,23,0.9354571020238809,0.9366608019261042,0.9984206889744349,0.9665551839464883,0.6962503589264747,0.1137080192565918
36,78,baseline,46,0.9356415103038126,0.9369152385363594,0.9983219820353371,0.9666443658606518,0.6985934226641493,3.1326122283935547
36,78,variance_threshold,43,0.9356876123737956,0.9368372308404723,0.9984700424439839,0.9666722412021884,0.6924536990891678,2.750030755996704
36,78,chi2,10,0.9341201419943755,0.9341201419943755,1.0,0.9659380735585059,0.6393781870374236,0.03881716728210449
36,78,mutual_info,10,0.9359181227237103,0.9369327653269124,0.9986181028526305,0.9667924888910124,0.6057710818232174,0.09947586059570312
36,78,rfe,10,0.9340740399243926,0.9342772806936629,0.9997532326522555,0.9659069235170704,0.6372580773394081,0.0399930477142334
36,78,rfecv,43,0.9356415103038126,0.9368343058256923,0.9984206889744349,0.9666475535168195,0.6984159539424719,0.2854630947113037
36,78,l1,44,0.9356415103038126,0.9369152385363594,0.9983219820353371,0.9666443658606518,0.6985668636591926,0.2856762409210205
36,78,rf_topk,10,0.9357337144437785,0.9369615562760537,0.998371335504886,0.9666921533021122,0.6690244431951236,0.035099029541015625
36,78,rf_median,23,0.9356876123737956,0.9369586363425819,0.9983219820353371,0.9666674631430551,0.6864860391847898,0.0986168384552002
37,79,baseline,46,0.9358720206537273,0.9366871847086592,0.9988648702003751,0.9667773292889728,0.7014653179803635,3.068033218383789
37,79,variance_threshold,43,0.9358259185837444,0.9364822353811991,0.9990622840785707,0.9667605902860691,0.697782043335869,2.7053496837615967
37,79,chi2,10,0.9341201419943755,0.9341201419943755,1.0,0.9659380735585059,0.6471182374435829,0.04015088081359863
37,79,mutual_info,10,0.9358259185837444,0.9365226242250393,0.9990129306090219,0.9667590027700831,0.6170525631373859,0.10386896133422852
37,79,rfe,10,0.9342584482043244,0.9343294595093157,0.9999012930609021,0.966003909788776,0.6378319970596523,0.038743019104003906
37,79,rfecv,34,0.9358720206537273,0.9366871847086592,0.9988648702003751,0.9667773292889728,0.7015624189458196,0.20964884757995605
37,79,l1,44,0.9359181227237103,0.9367305378135703,0.9988648702003751,0.9668004203687781,0.7015923453148638,0.29986119270324707
37,79,rf_topk,10,0.9356876123737956,0.9364734187757369,0.998914223669924,0.9666865671641791,0.6752718015411683,0.03427886962890625
37,79,rf_median,23,0.9357337144437785,0.9364763579161655,0.9989635771394729,0.9667112427165918,0.692402273395565,0.09771585464477539
38,80,baseline,46,0.9359181227237103,0.93701370878103,0.9985193959135327,0.9667893152386868,0.7032486740010964,2.9403629302978516
38,80,variance_threshold,44,0.9357337144437785,0.9368806149856441,0.9984700424439839,0.9666953363914373,0.6981627799686942,2.7016818523406982
38,80,chi2,10,0.9341201419943755,0.9341201419943755,1.0,0.9659380735585059,0.6453629427902456,0.03839898109436035
38,80,mutual_info,10,0.9359181227237103,0.936892304843041,0.9986674563221795,0.9667940754897276,0.6052934341788077,0.09618973731994629
38,80,rfe,10,0.9342123461343415,0.9342863730689417,0.9999012930609021,0.9659808806350871,0.6417412822742853,0.041700124740600586
38,80,rfecv,29,0.9342584482043244,0.9343695231067245,0.9998519395913533,0.9660022887659737,0.6905949486499425,0.16559314727783203
38,80,l1,43,0.9359181227237103,0.93701370878103,0.9985193959135327,0.9667893152386868,0.7032433207556241,0.2822549343109131
38,80,rf_topk,10,0.9359181227237103,0.9369327653269124,0.9986181028526305,0.9667924888910124,0.6667377094146456,0.032566070556640625
38,80,rf_median,23,0.9358720206537273,0.936929844871498,0.9985687493830816,0.9667678046682753,0.6841931578062855,0.10413599014282227
39,81,baseline,46,0.9356876123737956,0.9366754617414248,0.9986674563221795,0.9666786098172698,0.6914327488349093,3.0830318927764893
39,81,variance_threshold,43,0.9356415103038126,0.9366725303212665,0.9986181028526305,0.9666539270017198,0.6882728489122792,2.72121524810791
39,81,chi2,10,0.9341201419943755,0.9342002121086365,0.9999012930609021,0.9659348256215882,0.6372568340049757,0.03975105285644531
39,81,mutual_info,10,0.9357337144437785,0.9366783928902055,0.9987168097917284,0.9667032914536856,0.606348524324353,0.09959292411804199
39,81,rfe,10,0.9342584482043244,0.9343294595093157,0.9999012930609021,0.966003909788776,0.6225543352688596,0.038693904876708984
39,81,rfecv,31,0.9343967544142732,0.9345790080738178,0.9997532326522555,0.9660681498438133,0.6759868397194788,0.1941831111907959
39,81,l1,42,0.9356876123737956,0.9366754617414248,0.9986674563221795,0.9666786098172698,0.6916297137312266,0.2760329246520996
39,81,rf_topk,10,0.9356876123737956,0.9366350381856052,0.9987168097917284,0.9666802015907516,0.6629163555740305,0.03398776054382324
39,81,rf_median,23,0.9357337144437785,0.9366783928902055,0.9987168097917284,0.9667032914536856,0.6802049553922689,0.11691975593566895
40,82,baseline,46,0.9358720206537273,0.9366871847086592,0.9988648702003751,0.9667773292889728,0.6967465875132337,2.861495018005371
40,82,variance_threshold,43,0.9358259185837444,0.9366438356164384,0.9988648702003751,0.9667542393121566,0.6919861362684867,2.689692974090576
40,82,chi2,10,0.9341201419943755,0.9341201419943755,1.0,0.9659380735585059,0.6491714661102607,0.041812896728515625
40,82,mutual_info,10,0.9359181227237103,0.9366901147723066,0.998914223669924,0.9668020062096967,0.6275522806587103,0.10766911506652832
40,82,rfe,10,0.9342123461343415,0.9342863730689417,0.9999012930609021,0.9659808806350871,0.6359940033980331,0.041790008544921875
40,82,rfecv,36,0.9358259185837444,0.9366842543737851,0.9988155167308261,0.9667526511894525,0.6949562031992514,0.23304295539855957
40,82,l1,42,0.9358720206537273,0.9366871847086592,0.9988648702003751,0.9667773292889728,0.6966958870980499,0.276533842086792
40,82,rf_topk,10,0.9358259185837444,0.9366438356164384,0.9988648702003751,0.9667542393121566,0.6686681933432013,0.03416705131530762
40,82,rf_median,23,0.9357798165137615,0.9366004905363506,0.9988648702003751,0.9667311504382509,0.6870534486677983,0.11621713638305664
41,83,baseline,46,0.9350882854640173,0.9367587101556709,0.9978778008093969,0.9663528174735937,0.6992312877649882,3.269845962524414
41,83,variance_threshold,43,0.9350882854640173,0.9366777839540485,0.9979765077484947,0.9663560334528076,0.6953112269852753,2.9787800312042236
41,83,chi2,10,0.9341201419943755,0.9341201419943755,1.0,0.9659380735585059,0.642834518610955,0.041249990463256836
41,83,mutual_info,10,0.935364897883915,0.9367358280844758,0.9982232750962393,0.9665026042911072,0.6235048299052877,0.0956120491027832
41,83,rfe,10,0.9339357337144438,0.9341880736060508,0.9997038791827065,0.9658362140898796,0.6318978035737438,0.04189920425415039
41,83,rfecv,29,0.9351343875340002,0.936761640027797,0.9979271542789458,0.9663775181016561,0.6968356931475488,0.17846202850341797
41,83,l1,42,0.9350882854640173,0.9367587101556709,0.9978778008093969,0.9663528174735937,0.6994771226119085,0.26714110374450684
41,83,rf_topk,10,0.9352265916739662,0.9366056957629081,0.9982232750962393,0.9664333325369712,0.6708287977529355,0.03417086601257324
41,83,rf_median,23,0.9352726937439491,0.9367299675775822,0.9981245681571415,0.9664532160948103,0.6892937991665377,0.1164700984954834
42,84,baseline,46,0.9355032040938638,0.9366637344321497,0.9984700424439839,0.96657987147942,0.6963051001785636,3.2968080043792725
42,84,variance_threshold,43,0.9354571020238809,0.9364991206146441,0.9986181028526305,0.9665615744721505,0.6942740097721941,2.941927909851074
42,84,chi2,10,0.9341201419943755,0.9341201419943755,1.0,0.9659380735585059,0.6390233877423388,0.04083609580993652
42,84,mutual_info,10,0.935364897883915,0.9363720499768625,0.9986674563221795,0.9665170042032862,0.6053103746104478,0.09560608863830566
42,84,rfe,10,0.9340279378544096,0.934234192685514,0.9997532326522555,0.9658838955775421,0.6336599883720601,0.03965020179748535
42,84,rfecv,38,0.9355032040938638,0.9367041718757235,0.9984206889744349,0.9665782746840584,0.6949233929850657,0.26178503036499023
42,84,l1,43,0.9354571020238809,0.9366203703703704,0.9984700424439839,0.9665567818068893,0.6962618597699735,0.277677059173584
42,84,rf_topk,10,0.9354571020238809,0.9364991206146441,0.9986181028526305,0.9665615744721505,0.6610014996685478,0.03584575653076172
42,84,rf_median,23,0.935410999953898,0.9365365921399805,0.9985193959135327,0.9665352920100323,0.679631329237099,0.09744000434875488
43,85,baseline,46,0.9347194689041538,0.9361692279207554,0.9981739216266904,0.9661778053790665,0.6983715910791859,2.8220291137695312
43,85,variance_threshold,43,0.9347655709741367,0.9360914433800731,0.9983219820353371,0.9662057271142318,0.6926631318668757,2.581834077835083
43,85,chi2,10,0.9341201419943755,0.9341201419943755,1.0,0.9659380735585059,0.6537131077634563,0.040946245193481445
43,85,mutual_info,10,0.9348577751141026,0.9360973578270325,0.9984206889744349,0.9662551047214195,0.6232285851703772,0.10101795196533203
43,85,rfe,10,0.9340740399243926,0.9341971779027944,0.9998519395913533,0.9659101745017641,0.6417831066631051,0.04911684989929199
43,85,rfecv,28,0.9346733668341709,0.9360855278382005,0.9982232750962393,0.9661563447897012,0.6981093165881053,0.1527879238128662
43,85,l1,43,0.9347194689041538,0.9361692279207554,0.9981739216266904,0.9661778053790665,0.6984120339853034,0.29512500762939453
43,85,rf_topk,10,0.9350882854640173,0.9362332253586303,0.9985193959135327,0.9663737103553688,0.6617771504004331,0.034121036529541016
43,85,rf_median,23,0.9347194689041538,0.9360077734591893,0.998371335504886,0.9661842670869752,0.6881228198907814,0.11153721809387207
44,86,baseline,46,0.935364897883915,0.936614501342717,0.998371335504886,0.9665074056378404,0.6956880263923981,2.816315174102783
44,86,variance_threshold,44,0.9353187958139321,0.9365307161705476,0.9984206889744349,0.966485918352722,0.6918219470492877,2.6468441486358643
44,86,chi2,10,0.9341201419943755,0.9341201419943755,1.0,0.9659380735585059,0.6414459558095458,0.0401761531829834
44,86,mutual_info,10,0.9355954082338297,0.9366695986296931,0.9985687493830816,0.9666292430069513,0.6123559881990984,0.1024632453918457
44,86,rfe,10,0.9339357337144438,0.9341480285911921,0.9997532326522555,0.9658378429923475,0.6342300917463385,0.041902780532836914
44,86,rfecv,43,0.9353187958139321,0.936652002778421,0.9982726285657881,0.9664811142700146,0.6943860825564392,0.29435276985168457
44,86,l1,43,0.9353187958139321,0.9366115664212622,0.9983219820353371,0.9664827157839413,0.6956309020826474,0.2834630012512207
44,86,rf_topk,10,0.9357337144437785,0.9367997036762663,0.9985687493830816,0.966698518872432,0.6628255058178036,0.03347301483154297
44,86,rf_median,23,0.935410999953898,0.9366174359924071,0.9984206889744349,0.9665320943121283,0.6800968889078612,0.09685492515563965
45,87,baseline,46,0.9351343875340002,0.936357324693358,0.9984206889744349,0.9663935796689517,0.6934039865031902,3.0588700771331787
45,87,variance_threshold,43,0.9350421833940344,0.9362706530291109,0.9984206889744349,0.9663474169433233,0.689715324076156,2.8742079734802246
45,87,chi2,10,0.9341201419943755,0.9341201419943755,1.0,0.9659380735585059,0.6357954670651415,0.03988504409790039
45,87,mutual_info,10,0.9351804896039833,0.9362795002313744,0.9985687493830816,0.9664214749713412,0.608965311591006,0.11714410781860352
45,87,rfe,10,0.9341201419943755,0.9342402582430251,0.9998519395913533,0.9659332014208406,0.638459725531161,0.044909000396728516
45,87,rfecv,35,0.9351804896039833,0.9364006665432327,0.9984206889744349,0.9664166626857116,0.6923495525619285,0.21340703964233398
45,87,l1,43,0.9351804896039833,0.9364006665432327,0.9984206889744349,0.9664166626857116,0.6934270572643231,0.28697705268859863
45,87,rf_topk,10,0.9350421833940344,0.9362302744226942,0.9984700424439839,0.9663490243844188,0.6619752032143787,0.033966779708862305
45,87,rf_median,23,0.9351804896039833,0.9363198815253609,0.9985193959135327,0.9664198710293767,0.679889217520599,0.11834192276000977
46,88,baseline,46,0.935410999953898,0.9364961814394817,0.9985687493830816,0.9665368906298517,0.6992302516529614,3.2806310653686523
46,88,variance_threshold,43,0.9355493061638468,0.9365454040544293,0.9986674563221795,0.9666093436514761,0.6952207744053251,2.790156126022339
46,88,chi2,10,0.9341201419943755,0.9341201419943755,1.0,0.9659380735585059,0.6532829140498795,0.0404362678527832
46,88,mutual_info,10,0.9355493061638468,0.9364645997223507,0.9987661632612773,0.9666125334352312,0.6349111799872337,0.1040349006652832
46,88,rfe,10,0.9340740399243926,0.934237225604132,0.9998025861218044,0.9659085490869213,0.635200427928082,0.04201507568359375
46,88,rfecv,35,0.9354571020238809,0.9364991206146441,0.9986181028526305,0.9665615744721505,0.6975801223703563,0.21893000602722168
46,88,l1,44,0.935410999953898,0.9364961814394817,0.9985687493830816,0.9665368906298517,0.6992112908028687,0.30359721183776855
46,88,rf_topk,10,0.9355493061638468,0.9365049981488338,0.9987168097917284,0.9666109386195366,0.6724375861656664,0.03404116630554199
46,88,rf_median,23,0.9354571020238809,0.9364587189929656,0.9986674563221795,0.9665631717219967,0.6862908874845196,0.11126494407653809
47,89,baseline,46,0.9344428564842562,0.9361514955088434,0.9978778008093969,0.9660296225513617,0.6939702217259016,2.8950440883636475
47,89,variance_threshold,43,0.9343506523442903,0.9360648148148148,0.9978778008093969,0.9659834694950074,0.6900734389297267,2.7146010398864746
47,89,chi2,10,0.9341201419943755,0.9342002121086365,0.9999012930609021,0.9659348256215882,0.6357073802743196,0.03923201560974121
47,89,mutual_info,10,0.9343506523442903,0.9360648148148148,0.9978778008093969,0.9659834694950074,0.613687271273953,0.10273408889770508
47,89,rfe,10,0.9341662440643584,0.9343234019001937,0.9998025861218044,0.9659546061415221,0.6299419867061301,0.043578147888183594
47,89,rfecv,33,0.9344428564842562,0.9361514955088434,0.9978778008093969,0.9660296225513617,0.6932925526546951,0.2064650058746338
47,89,l1,42,0.9343967544142732,0.9361485391489559,0.997828447339848,0.966004921283356,0.6938779386813706,0.29515600204467773
47,89,rf_topk,10,0.9343967544142732,0.9361889326232924,0.9977790938702991,0.96600329693958,0.6578656720820097,0.03241586685180664
47,89,rf_median,23,0.934535060624222,0.9362785959062703,0.997828447339848,0.9660741590214067,0.6819917651197583,0.10256004333496094
48,90,baseline,46,0.9355954082338297,0.9368718447501274,0.9983219820353371,0.9666212696819821,0.7121555074293031,3.3775882720947266
48,90,variance_threshold,43,0.9355954082338297,0.9368718447501274,0.9983219820353371,0.9666212696819821,0.7087929094571401,3.0640671253204346
48,90,chi2,10,0.9341201419943755,0.9341201419943755,1.0,0.9659380735585059,0.6562466088916785,0.04324984550476074
48,90,mutual_info,10,0.9357798165137615,0.9368835378559852,0.9985193959135327,0.9667200229352318,0.6262003962230539,0.13582801818847656
48,90,rfe,10,0.9341201419943755,0.9342803117649772,0.9998025861218044,0.9659315770652044,0.6442375351751399,0.03873085975646973
48,90,rfecv,27,0.9341662440643584,0.9344035427622475,0.9997038791827065,0.9659513590844063,0.6970865876748672,0.1500380039215088
48,90,l1,45,0.9355954082338297,0.9368718447501274,0.9983219820353371,0.9666212696819821,0.7121576487274921,0.31300783157348633
48,90,rf_topk,10,0.9354571020238809,0.9367821415339015,0.9982726285657881,0.9665503894490372,0.6834085101682998,0.03285813331604004
48,90,rf_median,23,0.9355032040938638,0.9367850692354004,0.9983219820353371,0.9665750806355274,0.7030165158329316,0.11652612686157227
49,91,baseline,46,0.9356876123737956,0.9365946221132041,0.9987661632612773,0.9666817932121617,0.7065239622664579,2.856775999069214
49,91,variance_threshold,43,0.9357337144437785,0.936557149467839,0.9988648702003751,0.9667080626671761,0.7021460090449817,2.8059778213500977
49,91,chi2,10,0.9341201419943755,0.9341201419943755,1.0,0.9659380735585059,0.6507578745032103,0.04214000701904297
49,91,mutual_info,10,0.9356415103038126,0.9365916874942146,0.9987168097917284,0.9666571128308016,0.6271937168232612,0.12404108047485352
49,91,rfe,10,0.9342584482043244,0.9343294595093157,0.9999012930609021,0.966003909788776,0.6349848302838139,0.04281306266784668
49,91,rfecv,30,0.9355954082338297,0.9365483408154764,0.9987168097917284,0.9666340251737563,0.7044589046541392,0.18306899070739746
49,91,l1,41,0.9356876123737956,0.9365946221132041,0.9987661632612773,0.9666817932121617,0.7065003043751764,0.27147698402404785
49,91,rf_topk,10,0.9356876123737956,0.9366350381856052,0.9987168097917284,0.9666802015907516,0.6786257479779065,0.03399014472961426
49,91,rf_median,23,0.9356876123737956,0.9365946221132041,0.9987661632612773,0.9666817932121617,0.6936148698377358,0.09628415107727051
50,92,baseline,46,0.9358720206537273,0.9372943411966446,0.9981245681571415,0.9667535074930089,0.7132712619340247,3.130293130874634
50,92,variance_threshold,43,0.9358720206537273,0.93717277486911,0.9982726285657881,0.9667582745847771,0.7102744460444317,2.825900077819824
50,92,chi2,10,0.9341201419943755,0.9341201419943755,1.0,0.9659380735585059,0.64852391336197,0.0410151481628418
50,92,mutual_info,10,0.9361486330736251,0.9373523006348177,0.998371335504886,0.9669000788662381,0.6214197580623158,0.09916496276855469
50,92,rfe,10,0.9341662440643584,0.9344035427622475,0.9997038791827065,0.9659513590844063,0.6390680614392328,0.03916597366333008
50,92,rfecv,32,0.936102531003642,0.9374304783092324,0.9982232750962393,0.9668722214254983,0.7108350862621977,0.205826997756958
50,92,l1,40,0.9358720206537273,0.9372943411966446,0.9981245681571415,0.9667535074930089,0.7132858020394691,0.26146697998046875
50,92,rf_topk,10,0.9361486330736251,0.9373117731547977,0.9984206889744349,0.9669016608913849,0.6790195914278723,0.03225231170654297
50,92,rf_median,23,0.9358720206537273,0.9372132894675872,0.9982232750962393,0.9667566857060919,0.6979407066242579,0.09250974655151367
51,93,baseline,46,0.9360564289336591,0.9369819882391073,0.9987168097917284,0.9668649513844095,0.7203115740828043,3.219036102294922
51,93,variance_threshold,43,0.936102531003642,0.9369444444444445,0.9988155167308261,0.9668912139888204,0.7150346209926381,2.9662978649139404
51,93,chi2,10,0.9341201419943755,0.9341201419943755,1.0,0.9659380735585059,0.659950312211637,0.042304039001464844
51,93,mutual_info,10,0.9359181227237103,0.936892304843041,0.9986674563221795,0.9667940754897276,0.6326756128723519,0.11210203170776367
51,93,rfe,10,0.9340740399243926,0.9341971779027944,0.9998519395913533,0.9659101745017641,0.6438099835472318,0.03943800926208496
51,93,rfecv,29,0.9359181227237103,0.936892304843041,0.9986674563221795,0.9667940754897276,0.7041579486473868,0.19367384910583496
51,93,l1,41,0.9360564289336591,0.9369819882391073,0.9987168097917284,0.9668649513844095,0.7203097436182233,0.26100873947143555
51,93,rf_topk,10,0.9359642247936932,0.9369761518870109,0.9986181028526305,0.9668155864013188,0.6957715715588354,0.03430509567260742
51,93,rf_median,23,0.936194735143608,0.9370716799407298,0.9987661632612773,0.9669358306655836,0.7101002065385714,0.09793996810913086
52,94,baseline,46,0.9355493061638468,0.9370713623725672,0.9980258612180436,0.9665885951914345,0.7014843479045911,3.230648994445801
52,94,variance_threshold,43,0.9354571020238809,0.9368630720770799,0.9981739216266904,0.966547192353644,0.697270687513517,3.016849994659424
52,94,chi2,10,0.9341201419943755,0.9341201419943755,1.0,0.9659380735585059,0.6442678241833935,0.03838300704956055
52,94,mutual_info,10,0.9352726937439491,0.93668951463505,0.9981739216266904,0.9664548191331772,0.6367502097608798,0.09768295288085938
52,94,rfe,10,0.9341201419943755,0.9342002121086365,0.9999012930609021,0.9659348256215882,0.636036777556211,0.04343891143798828
52,94,rfecv,29,0.9355032040938638,0.9370279412446133,0.9980258612180436,0.9665654948258968,0.6885710592221603,0.17542767524719238
52,94,l1,42,0.9355493061638468,0.9370713623725672,0.9980258612180436,0.9665885951914345,0.70160246467566,0.27727603912353516
52,94,rf_topk,10,0.9350882854640173,0.9365160214854603,0.9981739216266904,0.9663624635672989,0.6773415043890741,0.03397727012634277
52,94,rf_median,23,0.9352265916739662,0.9366865823722847,0.9981245681571415,0.9664301244833107,0.694889702075657,0.09733080863952637
53,95,baseline,46,0.9356876123737956,0.937080109345318,0.9981739216266904,0.9666626837137053,0.7015003385668733,3.4718217849731445
53,95,variance_threshold,43,0.9356415103038126,0.9369962012415455,0.9982232750962393,0.9666411775951061,0.6984711269079054,3.20715594291687
53,95,chi2,10,0.9341201419943755,0.9341201419943755,1.0,0.9659380735585059,0.6510076983814341,0.04186701774597168
53,95,mutual_info,10,0.9355032040938638,0.9367446168094467,0.998371335504886,0.9665766777361015,0.6190478904102927,0.10202312469482422
53,95,rfe,10,0.9340740399243926,0.934237225604132,0.9998025861218044,0.9659085490869213,0.6417617282182831,0.0387420654296875
53,95,rfecv,29,0.9358720206537273,0.93713226777855,0.9983219820353371,0.9667598633115875,0.6892084235355195,0.18447089195251465
53,95,l1,44,0.9357337144437785,0.9371235288666482,0.9981739216266904,0.9666857852977727,0.7014362723065422,0.29370999336242676
53,95,rf_topk,10,0.9356415103038126,0.9368747684327529,0.998371335504886,0.966645959764897,0.6719302711802193,0.03357982635498047
53,95,rf_median,23,0.9355493061638468,0.9369903632320237,0.9981245681571415,0.9665917889404005,0.6927952706873755,0.11085891723632812
54,96,baseline,46,0.9352726937439491,0.9363661606812291,0.9985687493830816,0.9664676379269167,0.7034056795102422,3.1917240619659424
54,96,variance_threshold,43,0.935364897883915,0.9363720499768625,0.9986674563221795,0.9665170042032862,0.6986801107037348,3.010857105255127
54,96,chi2,10,0.9339818357844267,0.9341110291405386,0.9998519395913533,0.9658641239570918,0.6487502520342506,0.0395970344543457
54,96,mutual_info,10,0.9355032040938638,0.9365020595177489,0.9986674563221795,0.9665862571353507,0.6185258799025972,0.09803986549377441
54,96,rfe,10,0.9339357337144438,0.9341480285911921,0.9997532326522555,0.9658378429923475,0.6346418772029038,0.0434718132019043
54,96,rfecv,39,0.9352265916739662,0.9364036102753992,0.9984700424439839,0.9664413499892517,0.7022096090549008,0.2279527187347412
54,96,l1,43,0.935364897883915,0.9364528371748588,0.9985687493830816,0.966513805292825,0.7033804674509205,0.2917971611022949
54,96,rf_topk,10,0.9355032040938638,0.9365020595177489,0.9986674563221795,0.9665862571353507,0.668953037807935,0.034211158752441406
54,96,rf_median,23,0.935364897883915,0.9364528371748588,0.9985687493830816,0.966513805292825,0.6904624299216996,0.1148681640625
55,97,baseline,46,0.9343506523442903,0.9358630263766775,0.9981245681571415,0.9659915934275889,0.7003905589748404,3.2321810722351074
55,97,variance_threshold,43,0.934535060624222,0.9359555761221656,0.9982232750962393,0.9660871226595338,0.6980863839752427,2.987740993499756
55,97,chi2,10,0.9341201419943755,0.9341201419943755,1.0,0.9659380735585059,0.6469491439607895,0.048603057861328125
55,97,mutual_info,10,0.9349499792540685,0.9361032711793827,0.9985193959135327,0.9663044776119403,0.6147301525661144,0.10681891441345215
55,97,rfe,10,0.9340279378544096,0.9341941434171086,0.9998025861218044,0.9658855222065941,0.632355609672838,0.04789996147155762
55,97,rfecv,31,0.9343967544142732,0.9359466839450178,0.9980752146875925,0.9660130406744847,0.6998888044572711,0.20241594314575195
55,97,l1,45,0.9343506523442903,0.9358630263766775,0.9981245681571415,0.9659915934275889,0.700394150829867,0.30541110038757324
55,97,rf_topk,10,0.9348577751141026,0.9360570027298385,0.9984700424439839,0.9662567164179104,0.6707158442734675,0.034809112548828125
55,97,rf_median,23,0.934581162694205,0.9359585396325946,0.9982726285657881,0.9661118142956081,0.6887269422766102,0.11687493324279785
56,98,baseline,46,0.9361486330736251,0.9368260286018419,0.9990129306090219,0.9669206334041892,0.704201102713308,3.05094575881958
56,98,variance_threshold,43,0.9361486330736251,0.9367451760677433,0.9991116375481196,0.966923793375206,0.697944263942217,2.760660171508789
56,98,chi2,10,0.9341201419943755,0.9341201419943755,1.0,0.9659380735585059,0.6509557719003517,0.049964189529418945
56,98,mutual_info,10,0.9361486330736251,0.9367047610234581,0.9991609910176685,0.9669253731343284,0.6219597969192797,0.10307788848876953
56,98,rfe,10,0.9341662440643584,0.9342432906022319,0.9999012930609021,0.965957852579384,0.639960879172829,0.04208207130432129
56,98,rfecv,30,0.9360564289336591,0.9367393215789718,0.9990129306090219,0.9668744477084378,0.7018043338355713,0.1819288730621338
56,98,l1,42,0.936102531003642,0.9368231046931408,0.9989635771394729,0.9668959587274291,0.7037956030030394,0.27283596992492676
56,98,rf_topk,10,0.9359181227237103,0.9365688905339132,0.9990622840785707,0.9668067628235744,0.6729562120407407,0.034072160720825195
56,98,rf_median,23,0.936194735143608,0.9367885238315594,0.9991116375481196,0.9669468857470386,0.6921286707463232,0.11520099639892578
57,99,baseline,46,0.935410999953898,0.9367792135612061,0.9982232750962393,0.9665256970826464,0.7024162615986698,2.8920419216156006
57,99,variance_threshold,43,0.935410999953898,0.9366174359924071,0.9984206889744349,0.9665320943121283,0.695659913219401,2.642925977706909
57,99,chi2,10,0.9341201419943755,0.9341201419943755,1.0,0.9659380735585059,0.6431425892536257,0.04046797752380371
57,99,mutual_info,10,0.935364897883915,0.9365336542912693,0.9984700424439839,0.9665106057710682,0.6273660567904054,0.08830070495605469
57,99,rfe,10,0.9340279378544096,0.9341541015354821,0.9998519395913533,0.9658871486805407,0.6373290164761843,0.04201221466064453
57,99,rfecv,35,0.9354571020238809,0.9367821415339015,0.9982726285657881,0.9665503894490372,0.7026314793351947,0.22875285148620605
57,99,l1,44,0.935410999953898,0.9367792135612061,0.9982232750962393,0.9665256970826464,0.7024346353186137,0.3083829879760742
57,99,rf_topk,10,0.9352265916739662,0.9364844220174992,0.998371335504886,0.9664381434679788,0.6685769809477649,0.03225278854370117
57,99,rf_median,23,0.9352265916739662,0.936524839112922,0.9983219820353371,0.9664365399775448,0.6890267585601331,0.12082505226135254
58,100,baseline,46,0.9349960813240514,0.9367123795404003,0.997828447339848,0.9663050231802323,0.7058639243682429,2.8313281536102295
58,100,variance_threshold,43,0.9349038771840855,0.9365851398925329,0.9978778008093969,0.9662604540023895,0.7015882699408911,2.5394961833953857
58,100,chi2,10,0.9341201419943755,0.9341201419943755,1.0,0.9659380735585059,0.6465194855717601,0.038023948669433594
58,100,mutual_info,10,0.9352726937439491,0.9367299675775822,0.9981245681571415,0.9664532160948103,0.6384392450500957,0.09581899642944336
58,100,rfe,10,0.9342123461343415,0.934246322681791,0.9999506465304511,0.9659825025626356,0.637193199457989,0.041853904724121094
58,100,rfecv,26,0.9350882854640173,0.9367182433058464,0.9979271542789458,0.9663544255400497,0.7046216951221019,0.14567303657531738
58,100,l1,44,0.9349960813240514,0.9367123795404003,0.997828447339848,0.9663050231802323,0.7058792933633087,0.2988102436065674
58,100,rf_topk,10,0.9349960813240514,0.9366314619232907,0.9979271542789458,0.9663082437275986,0.6743607482358984,0.03255486488342285
58,100,rf_median,23,0.9350421833940344,0.936634397146695,0.9979765077484947,0.966332943059903,0.6901104972032228,0.1123659610748291
59,101,baseline,46,0.9362869392835739,0.9372799703539003,0.9986181028526305,0.9669772998805257,0.7036660199255395,2.679396867752075
59,101,variance_threshold,43,0.9362869392835739,0.9372799703539003,0.9986181028526305,0.9669772998805257,0.6993035393103321,2.537069082260132
59,101,chi2,10,0.9341201419943755,0.9341201419943755,1.0,0.9659380735585059,0.6421262669664207,0.0402989387512207
59,101,mutual_info,10,0.9366557558434374,0.9373437065851625,0.9989635771394729,0.9671731651376146,0.6268498485100605,0.09564495086669922
59,101,rfe,10,0.9341662440643584,0.9342432906022319,0.9999012930609021,0.965957852579384,0.6308339582815709,0.043251991271972656
59,101,rfecv,32,0.9362408372135909,0.937196053911352,0.9986674563221795,0.9669557737796574,0.7028748447817841,0.2064838409423828
59,101,l1,45,0.9362869392835739,0.9372799703539003,0.9986181028526305,0.9669772998805257,0.7036693354840255,0.3338029384613037
59,101,rf_topk,10,0.9364252454935227,0.9372076869645751,0.9988648702003751,0.9670544950665361,0.6670847551380623,0.03529500961303711
59,101,rf_median,23,0.9364252454935227,0.9372481822812949,0.9988155167308261,0.9670529207979931,0.6908413360899439,0.10282588005065918
